"filename", "language", "HTML", "Markdown", "YAML", "JSON with Comments", "JavaScript", "JSON", "XML", "PostCSS", "TypeScript", "Svelte", "Rust", "TOML", "Kotlin", "comment", "blank", "total"
"/home/qlt/zeno-wallet/CHANGES.md", "Markdown", 0, 3, 0, 0, 0, 0, 0, 0, 0, 0, 0, 0, 0, 0, 6, 9
"/home/qlt/zeno-wallet/README.md", "Markdown", 0, 1, 0, 0, 0, 0, 0, 0, 0, 0, 0, 0, 0, 0, 1, 2
"/home/qlt/zeno-wallet/ROUTER_ENHANCEMENTS.md", "Markdown", 0, 45, 0, 0, 0, 0, 0, 0, 0, 0, 0, 0, 0, 0, 11, 56
"/home/qlt/zeno-wallet/index.html", "HTML", 12, 0, 0, 0, 0, 0, 0, 0, 0, 0, 0, 0, 0, 0, 1, 13
"/home/qlt/zeno-wallet/package.json", "JSON", 0, 0, 0, 0, 0, 31, 0, 0, 0, 0, 0, 0, 0, 0, 1, 32
"/home/qlt/zeno-wallet/pnpm-lock.yaml", "YAML", 0, 0, 1010, 0, 0, 0, 0, 0, 0, 0, 0, 0, 0, 0, 286, 1296
"/home/qlt/zeno-wallet/postcss.config.js", "JavaScript", 0, 0, 0, 0, 5, 0, 0, 0, 0, 0, 0, 0, 0, 0, 0, 5
"/home/qlt/zeno-wallet/scripts/gen-i18n-types.js", "JavaScript", 0, 0, 0, 0, 43, 0, 0, 0, 0, 0, 0, 0, 0, 15, 9, 67
"/home/qlt/zeno-wallet/src-tauri/Cargo.lock", "TOML", 0, 0, 0, 0, 0, 0, 0, 0, 0, 0, 0, 11189, 0, 2, 1073, 12264
"/home/qlt/zeno-wallet/src-tauri/Cargo.toml", "TOML", 0, 0, 0, 0, 0, 0, 0, 0, 0, 0, 0, 52, 0, 4, 12, 68
"/home/qlt/zeno-wallet/src-tauri/android/app/src/main/AndroidManifest.xml", "XML", 0, 0, 0, 0, 0, 0, 12, 0, 0, 0, 0, 0, 0, 1, 4, 17
"/home/qlt/zeno-wallet/src-tauri/android/app/src/main/java/com/zenowallet/MainActivity.kt", "Kotlin", 0, 0, 0, 0, 0, 0, 0, 0, 0, 0, 0, 0, 11, 1, 5, 17
"/home/qlt/zeno-wallet/src-tauri/android/app/src/main/java/com/zenowallet/photo/PhotoPlugin.kt", "Kotlin", 0, 0, 0, 0, 0, 0, 0, 0, 0, 0, 0, 0, 99, 4, 17, 120
"/home/qlt/zeno-wallet/src-tauri/android/app/src/main/java/com/zenowallet/photo/PhotoResult.kt", "Kotlin", 0, 0, 0, 0, 0, 0, 0, 0, 0, 0, 0, 0, 5, 0, 1, 6
"/home/qlt/zeno-wallet/src-tauri/build.rs", "Rust", 0, 0, 0, 0, 0, 0, 0, 0, 0, 0, 3, 0, 0, 0, 1, 4
"/home/qlt/zeno-wallet/src-tauri/capabilities/dapp_desktop.json", "JSON", 0, 0, 0, 0, 0, 11, 0, 0, 0, 0, 0, 0, 0, 0, 1, 12
"/home/qlt/zeno-wallet/src-tauri/capabilities/dapp_mobile.json", "JSON", 0, 0, 0, 0, 0, 12, 0, 0, 0, 0, 0, 0, 0, 0, 2, 14
"/home/qlt/zeno-wallet/src-tauri/capabilities/desktop.json", "JSON", 0, 0, 0, 0, 0, 16, 0, 0, 0, 0, 0, 0, 0, 0, 0, 16
"/home/qlt/zeno-wallet/src-tauri/capabilities/mobile.json", "JSON", 0, 0, 0, 0, 0, 17, 0, 0, 0, 0, 0, 0, 0, 0, 2, 19
"/home/qlt/zeno-wallet/src-tauri/notice.md", "Markdown", 0, 2, 0, 0, 0, 0, 0, 0, 0, 0, 0, 0, 0, 0, 1, 3
"/home/qlt/zeno-wallet/src-tauri/src/actions/bridge.rs", "Rust", 0, 0, 0, 0, 0, 0, 0, 0, 0, 0, 0, 0, 0, 0, 1, 1
"/home/qlt/zeno-wallet/src-tauri/src/actions/mod.rs", "Rust", 0, 0, 0, 0, 0, 0, 0, 0, 0, 0, 0, 0, 0, 0, 1, 1
"/home/qlt/zeno-wallet/src-tauri/src/actions/nft.rs", "Rust", 0, 0, 0, 0, 0, 0, 0, 0, 0, 0, 0, 0, 0, 0, 1, 1
"/home/qlt/zeno-wallet/src-tauri/src/actions/readme.md", "Markdown", 0, 72, 0, 0, 0, 0, 0, 0, 0, 0, 0, 0, 0, 0, 33, 105
"/home/qlt/zeno-wallet/src-tauri/src/actions/receive.rs", "Rust", 0, 0, 0, 0, 0, 0, 0, 0, 0, 0, 0, 0, 0, 0, 1, 1
"/home/qlt/zeno-wallet/src-tauri/src/actions/send.rs", "Rust", 0, 0, 0, 0, 0, 0, 0, 0, 0, 0, 0, 0, 0, 0, 1, 1
"/home/qlt/zeno-wallet/src-tauri/src/actions/smart_swap.rs", "Rust", 0, 0, 0, 0, 0, 0, 0, 0, 0, 0, 56, 0, 0, 10, 13, 79
"/home/qlt/zeno-wallet/src-tauri/src/actions/swap.rs", "Rust", 0, 0, 0, 0, 0, 0, 0, 0, 0, 0, 0, 0, 0, 0, 1, 1
"/home/qlt/zeno-wallet/src-tauri/src/actions/uniswap/actions.rs", "Rust", 0, 0, 0, 0, 0, 0, 0, 0, 0, 0, 167, 0, 0, 3, 22, 192
"/home/qlt/zeno-wallet/src-tauri/src/actions/uniswap/comm.rs", "Rust", 0, 0, 0, 0, 0, 0, 0, 0, 0, 0, 400, 0, 0, 13, 44, 457
"/home/qlt/zeno-wallet/src-tauri/src/actions/uniswap/router.rs", "Rust", 0, 0, 0, 0, 0, 0, 0, 0, 0, 0, 237, 0, 0, 9, 31, 277
"/home/qlt/zeno-wallet/src-tauri/src/actions/uniswap/v3.rs", "Rust", 0, 0, 0, 0, 0, 0, 0, 0, 0, 0, 52, 0, 0, 42, 6, 100
"/home/qlt/zeno-wallet/src-tauri/src/actions/uniswap/v4.rs", "Rust", 0, 0, 0, 0, 0, 0, 0, 0, 0, 0, 81, 0, 0, 39, 12, 132
"/home/qlt/zeno-wallet/src-tauri/src/ai/agent.rs", "Rust", 0, 0, 0, 0, 0, 0, 0, 0, 0, 0, 0, 0, 0, 0, 1, 1
"/home/qlt/zeno-wallet/src-tauri/src/ai/chat.rs", "Rust", 0, 0, 0, 0, 0, 0, 0, 0, 0, 0, 18, 0, 0, 1, 5, 24
"/home/qlt/zeno-wallet/src-tauri/src/ai/guard.rs", "Rust", 0, 0, 0, 0, 0, 0, 0, 0, 0, 0, 0, 0, 0, 0, 1, 1
"/home/qlt/zeno-wallet/src-tauri/src/ai/mod.rs", "Rust", 0, 0, 0, 0, 0, 0, 0, 0, 0, 0, 0, 0, 0, 0, 1, 1
"/home/qlt/zeno-wallet/src-tauri/src/airgap/airgap.rs", "Rust", 0, 0, 0, 0, 0, 0, 0, 0, 0, 0, 0, 0, 0, 0, 1, 1
"/home/qlt/zeno-wallet/src-tauri/src/airgap/mod.rs", "Rust", 0, 0, 0, 0, 0, 0, 0, 0, 0, 0, 0, 0, 0, 0, 1, 1
"/home/qlt/zeno-wallet/src-tauri/src/apps/list.rs", "Rust", 0, 0, 0, 0, 0, 0, 0, 0, 0, 0, 0, 0, 0, 0, 1, 1
"/home/qlt/zeno-wallet/src-tauri/src/apps/mod.rs", "Rust", 0, 0, 0, 0, 0, 0, 0, 0, 0, 0, 9, 0, 0, 0, 2, 11
"/home/qlt/zeno-wallet/src-tauri/src/constants.rs", "Rust", 0, 0, 0, 0, 0, 0, 0, 0, 0, 0, 3, 0, 0, 0, 4, 7
"/home/qlt/zeno-wallet/src-tauri/src/core/account.rs", "Rust", 0, 0, 0, 0, 0, 0, 0, 0, 0, 0, 267, 0, 0, 7, 27, 301
"/home/qlt/zeno-wallet/src-tauri/src/core/api.rs", "Rust", 0, 0, 0, 0, 0, 0, 0, 0, 0, 0, 6, 0, 0, 0, 2, 8
"/home/qlt/zeno-wallet/src-tauri/src/core/db.rs", "Rust", 0, 0, 0, 0, 0, 0, 0, 0, 0, 0, 339, 0, 0, 18, 43, 400
"/home/qlt/zeno-wallet/src-tauri/src/core/mod.rs", "Rust", 0, 0, 0, 0, 0, 0, 0, 0, 0, 0, 7, 0, 0, 0, 4, 11
"/home/qlt/zeno-wallet/src-tauri/src/core/persistent.rs", "Rust", 0, 0, 0, 0, 0, 0, 0, 0, 0, 0, 217, 0, 0, 7, 21, 245
"/home/qlt/zeno-wallet/src-tauri/src/core/screen_locker.rs", "Rust", 0, 0, 0, 0, 0, 0, 0, 0, 0, 0, 0, 0, 0, 0, 1, 1
"/home/qlt/zeno-wallet/src-tauri/src/core/session.rs", "Rust", 0, 0, 0, 0, 0, 0, 0, 0, 0, 0, 33, 0, 0, 0, 7, 40
"/home/qlt/zeno-wallet/src-tauri/src/core/state.rs", "Rust", 0, 0, 0, 0, 0, 0, 0, 0, 0, 0, 95, 0, 0, 2, 14, 111
"/home/qlt/zeno-wallet/src-tauri/src/core/temp.rs", "Rust", 0, 0, 0, 0, 0, 0, 0, 0, 0, 0, 0, 0, 0, 0, 1, 1
"/home/qlt/zeno-wallet/src-tauri/src/core/update.rs", "Rust", 0, 0, 0, 0, 0, 0, 0, 0, 0, 0, 42, 0, 0, 6, 7, 55
"/home/qlt/zeno-wallet/src-tauri/src/core/vault.rs", "Rust", 0, 0, 0, 0, 0, 0, 0, 0, 0, 0, 44, 0, 0, 6, 13, 63
"/home/qlt/zeno-wallet/src-tauri/src/core/wallet_locker.rs", "Rust", 0, 0, 0, 0, 0, 0, 0, 0, 0, 0, 0, 0, 0, 0, 1, 1
"/home/qlt/zeno-wallet/src-tauri/src/dapp/README.md", "Markdown", 0, 71, 0, 0, 0, 0, 0, 0, 0, 0, 0, 0, 0, 0, 26, 97
"/home/qlt/zeno-wallet/src-tauri/src/dapp/comm.rs", "Rust", 0, 0, 0, 0, 0, 0, 0, 0, 0, 0, 123, 0, 0, 39, 22, 184
"/home/qlt/zeno-wallet/src-tauri/src/dapp/guard.rs", "Rust", 0, 0, 0, 0, 0, 0, 0, 0, 0, 0, 0, 0, 0, 0, 1, 1
"/home/qlt/zeno-wallet/src-tauri/src/dapp/host.rs", "Rust", 0, 0, 0, 0, 0, 0, 0, 0, 0, 0, 52, 0, 0, 0, 10, 62
"/home/qlt/zeno-wallet/src-tauri/src/dapp/mod.rs", "Rust", 0, 0, 0, 0, 0, 0, 0, 0, 0, 0, 1, 0, 0, 0, 1, 2
"/home/qlt/zeno-wallet/src-tauri/src/dapp/readme.md", "Markdown", 0, 46, 0, 0, 0, 0, 0, 0, 0, 0, 0, 0, 0, 0, 23, 69
"/home/qlt/zeno-wallet/src-tauri/src/data/addr.rs", "Rust", 0, 0, 0, 0, 0, 0, 0, 0, 0, 0, 44, 0, 0, 3, 7, 54
"/home/qlt/zeno-wallet/src-tauri/src/data/balance.rs", "Rust", 0, 0, 0, 0, 0, 0, 0, 0, 0, 0, 0, 0, 0, 0, 1, 1
"/home/qlt/zeno-wallet/src-tauri/src/data/contract.rs", "Rust", 0, 0, 0, 0, 0, 0, 0, 0, 0, 0, 64, 0, 0, 15, 12, 91
"/home/qlt/zeno-wallet/src-tauri/src/data/currency.rs", "Rust", 0, 0, 0, 0, 0, 0, 0, 0, 0, 0, 13, 0, 0, 0, 2, 15
"/home/qlt/zeno-wallet/src-tauri/src/data/ens.rs", "Rust", 0, 0, 0, 0, 0, 0, 0, 0, 0, 0, 18, 0, 0, 4, 7, 29
"/home/qlt/zeno-wallet/src-tauri/src/data/forex.rs", "Rust", 0, 0, 0, 0, 0, 0, 0, 0, 0, 0, 53, 0, 0, 7, 8, 68
"/home/qlt/zeno-wallet/src-tauri/src/data/meta.rs", "Rust", 0, 0, 0, 0, 0, 0, 0, 0, 0, 0, 0, 0, 0, 0, 1, 1
"/home/qlt/zeno-wallet/src-tauri/src/data/mod.rs", "Rust", 0, 0, 0, 0, 0, 0, 0, 0, 0, 0, 8, 0, 0, 0, 1, 9
"/home/qlt/zeno-wallet/src-tauri/src/data/msg.rs", "Rust", 0, 0, 0, 0, 0, 0, 0, 0, 0, 0, 69, 0, 0, 3, 5, 77
"/home/qlt/zeno-wallet/src-tauri/src/data/nft.rs", "Rust", 0, 0, 0, 0, 0, 0, 0, 0, 0, 0, 18, 0, 0, 0, 4, 22
"/home/qlt/zeno-wallet/src-tauri/src/data/tx.rs", "Rust", 0, 0, 0, 0, 0, 0, 0, 0, 0, 0, 173, 0, 0, 10, 29, 212
"/home/qlt/zeno-wallet/src-tauri/src/eips/eip1193.rs", "Rust", 0, 0, 0, 0, 0, 0, 0, 0, 0, 0, 131, 0, 0, 2, 30, 163
"/home/qlt/zeno-wallet/src-tauri/src/eips/eip155.rs", "Rust", 0, 0, 0, 0, 0, 0, 0, 0, 0, 0, 82, 0, 0, 6, 18, 106
"/home/qlt/zeno-wallet/src-tauri/src/eips/eip1559.rs", "Rust", 0, 0, 0, 0, 0, 0, 0, 0, 0, 0, 90, 0, 0, 5, 13, 108
"/home/qlt/zeno-wallet/src-tauri/src/eips/eip191.rs", "Rust", 0, 0, 0, 0, 0, 0, 0, 0, 0, 0, 9, 0, 0, 0, 7, 16
"/home/qlt/zeno-wallet/src-tauri/src/eips/eip2612.rs", "Rust", 0, 0, 0, 0, 0, 0, 0, 0, 0, 0, 189, 0, 0, 41, 21, 251
"/home/qlt/zeno-wallet/src-tauri/src/eips/eip5792.rs", "Rust", 0, 0, 0, 0, 0, 0, 0, 0, 0, 0, 0, 0, 0, 0, 1, 1
"/home/qlt/zeno-wallet/src-tauri/src/eips/eip6963.rs", "Rust", 0, 0, 0, 0, 0, 0, 0, 0, 0, 0, 55, 0, 0, 13, 9, 77
"/home/qlt/zeno-wallet/src-tauri/src/eips/eip712.rs", "Rust", 0, 0, 0, 0, 0, 0, 0, 0, 0, 0, 346, 0, 0, 47, 37, 430
"/home/qlt/zeno-wallet/src-tauri/src/eips/eip7702.rs", "Rust", 0, 0, 0, 0, 0, 0, 0, 0, 0, 0, 123, 0, 0, 14, 19, 156
"/home/qlt/zeno-wallet/src-tauri/src/eips/erc1155.rs", "Rust", 0, 0, 0, 0, 0, 0, 0, 0, 0, 0, 0, 0, 0, 0, 1, 1
"/home/qlt/zeno-wallet/src-tauri/src/eips/erc20.rs", "Rust", 0, 0, 0, 0, 0, 0, 0, 0, 0, 0, 0, 0, 0, 0, 1, 1
"/home/qlt/zeno-wallet/src-tauri/src/eips/erc721.rs", "Rust", 0, 0, 0, 0, 0, 0, 0, 0, 0, 0, 0, 0, 0, 0, 1, 1
"/home/qlt/zeno-wallet/src-tauri/src/eips/mod.rs", "Rust", 0, 0, 0, 0, 0, 0, 0, 0, 0, 0, 9, 0, 0, 3, 3, 15
"/home/qlt/zeno-wallet/src-tauri/src/error.rs", "Rust", 0, 0, 0, 0, 0, 0, 0, 0, 0, 0, 173, 0, 0, 22, 27, 222
"/home/qlt/zeno-wallet/src-tauri/src/evm/abi.rs", "Rust", 0, 0, 0, 0, 0, 0, 0, 0, 0, 0, 1, 0, 0, 0, 1, 2
"/home/qlt/zeno-wallet/src-tauri/src/evm/address.rs", "Rust", 0, 0, 0, 0, 0, 0, 0, 0, 0, 0, 73, 0, 0, 30, 19, 122
"/home/qlt/zeno-wallet/src-tauri/src/evm/assets.rs", "Rust", 0, 0, 0, 0, 0, 0, 0, 0, 0, 0, 14, 0, 0, 0, 4, 18
"/home/qlt/zeno-wallet/src-tauri/src/evm/calldata.rs", "Rust", 0, 0, 0, 0, 0, 0, 0, 0, 0, 0, 201, 0, 0, 6, 20, 227
"/home/qlt/zeno-wallet/src-tauri/src/evm/chains.rs", "Rust", 0, 0, 0, 0, 0, 0, 0, 0, 0, 0, 66, 0, 0, 0, 4, 70
"/home/qlt/zeno-wallet/src-tauri/src/evm/currency.rs", "Rust", 0, 0, 0, 0, 0, 0, 0, 0, 0, 0, 27, 0, 0, 0, 9, 36
"/home/qlt/zeno-wallet/src-tauri/src/evm/dryrun.rs", "Rust", 0, 0, 0, 0, 0, 0, 0, 0, 0, 0, 29, 0, 0, 0, 4, 33
"/home/qlt/zeno-wallet/src-tauri/src/evm/gas.rs", "Rust", 0, 0, 0, 0, 0, 0, 0, 0, 0, 0, 71, 0, 0, 13, 19, 103
"/home/qlt/zeno-wallet/src-tauri/src/evm/mod.rs", "Rust", 0, 0, 0, 0, 0, 0, 0, 0, 0, 0, 4, 0, 0, 0, 2, 6
"/home/qlt/zeno-wallet/src-tauri/src/evm/selector.rs", "Rust", 0, 0, 0, 0, 0, 0, 0, 0, 0, 0, 118, 0, 0, 48, 34, 200
"/home/qlt/zeno-wallet/src-tauri/src/evm/sign.rs", "Rust", 0, 0, 0, 0, 0, 0, 0, 0, 0, 0, 0, 0, 0, 0, 1, 1
"/home/qlt/zeno-wallet/src-tauri/src/evm/signature.rs", "Rust", 0, 0, 0, 0, 0, 0, 0, 0, 0, 0, 7, 0, 0, 0, 3, 10
"/home/qlt/zeno-wallet/src-tauri/src/evm/token.rs", "Rust", 0, 0, 0, 0, 0, 0, 0, 0, 0, 0, 13, 0, 0, 0, 3, 16
"/home/qlt/zeno-wallet/src-tauri/src/helios/client.rs", "Rust", 0, 0, 0, 0, 0, 0, 0, 0, 0, 0, 79, 0, 0, 8, 18, 105
"/home/qlt/zeno-wallet/src-tauri/src/helios/handler.rs", "Rust", 0, 0, 0, 0, 0, 0, 0, 0, 0, 0, 254, 0, 0, 17, 23, 294
"/home/qlt/zeno-wallet/src-tauri/src/helios/mod.rs", "Rust", 0, 0, 0, 0, 0, 0, 0, 0, 0, 0, 4, 0, 0, 0, 0, 4
"/home/qlt/zeno-wallet/src-tauri/src/helios/switch.rs", "Rust", 0, 0, 0, 0, 0, 0, 0, 0, 0, 0, 4, 0, 0, 1, 2, 7
"/home/qlt/zeno-wallet/src-tauri/src/helios/test.rs", "Rust", 0, 0, 0, 0, 0, 0, 0, 0, 0, 0, 9, 0, 0, 2, 2, 13
"/home/qlt/zeno-wallet/src-tauri/src/i18n/locales.rs", "Rust", 0, 0, 0, 0, 0, 0, 0, 0, 0, 0, 64, 0, 0, 6, 25, 95
"/home/qlt/zeno-wallet/src-tauri/src/i18n/mod.rs", "Rust", 0, 0, 0, 0, 0, 0, 0, 0, 0, 0, 0, 0, 0, 0, 1, 1
"/home/qlt/zeno-wallet/src-tauri/src/i18n/translate.rs", "Rust", 0, 0, 0, 0, 0, 0, 0, 0, 0, 0, 50, 0, 0, 6, 8, 64
"/home/qlt/zeno-wallet/src-tauri/src/lib.rs", "Rust", 0, 0, 0, 0, 0, 0, 0, 0, 0, 0, 37, 0, 0, 6, 4, 47
"/home/qlt/zeno-wallet/src-tauri/src/main.rs", "Rust", 0, 0, 0, 0, 0, 0, 0, 0, 0, 0, 4, 0, 0, 1, 2, 7
"/home/qlt/zeno-wallet/src-tauri/src/qr/img.rs", "Rust", 0, 0, 0, 0, 0, 0, 0, 0, 0, 0, 138, 0, 0, 17, 22, 177
"/home/qlt/zeno-wallet/src-tauri/src/qr/qr.rs", "Rust", 0, 0, 0, 0, 0, 0, 0, 0, 0, 0, 10, 0, 0, 1, 2, 13
"/home/qlt/zeno-wallet/src-tauri/src/revm/mod.rs", "Rust", 0, 0, 0, 0, 0, 0, 0, 0, 0, 0, 1, 0, 0, 0, 3, 4
"/home/qlt/zeno-wallet/src-tauri/src/revm/test.rs", "Rust", 0, 0, 0, 0, 0, 0, 0, 0, 0, 0, 0, 0, 0, 244, 34, 278
"/home/qlt/zeno-wallet/src-tauri/src/revm/transfer.rs", "Rust", 0, 0, 0, 0, 0, 0, 0, 0, 0, 0, 74, 0, 0, 16, 19, 109
"/home/qlt/zeno-wallet/src-tauri/src/rpc/ankr/advance.rs", "Rust", 0, 0, 0, 0, 0, 0, 0, 0, 0, 0, 109, 0, 0, 2, 26, 137
"/home/qlt/zeno-wallet/src-tauri/src/rpc/ankr/mod.rs", "Rust", 0, 0, 0, 0, 0, 0, 0, 0, 0, 0, 5, 0, 0, 3, 6, 14
"/home/qlt/zeno-wallet/src-tauri/src/rpc/ankr/models.rs", "Rust", 0, 0, 0, 0, 0, 0, 0, 0, 0, 0, 289, 0, 0, 5, 26, 320
"/home/qlt/zeno-wallet/src-tauri/src/rpc/ankr/parse.rs", "Rust", 0, 0, 0, 0, 0, 0, 0, 0, 0, 0, 74, 0, 0, 5, 15, 94
"/home/qlt/zeno-wallet/src-tauri/src/rpc/block.rs", "Rust", 0, 0, 0, 0, 0, 0, 0, 0, 0, 0, 10, 0, 0, 0, 1, 11
"/home/qlt/zeno-wallet/src-tauri/src/rpc/gateway.rs", "Rust", 0, 0, 0, 0, 0, 0, 0, 0, 0, 0, 229, 0, 0, 13, 41, 283
"/home/qlt/zeno-wallet/src-tauri/src/rpc/https.rs", "Rust", 0, 0, 0, 0, 0, 0, 0, 0, 0, 0, 16, 0, 0, 1, 2, 19
"/home/qlt/zeno-wallet/src-tauri/src/rpc/indexer.rs", "Rust", 0, 0, 0, 0, 0, 0, 0, 0, 0, 0, 0, 0, 0, 0, 1, 1
"/home/qlt/zeno-wallet/src-tauri/src/rpc/method.rs", "Rust", 0, 0, 0, 0, 0, 0, 0, 0, 0, 0, 311, 0, 0, 14, 39, 364
"/home/qlt/zeno-wallet/src-tauri/src/rpc/mod.rs", "Rust", 0, 0, 0, 0, 0, 0, 0, 0, 0, 0, 17, 0, 0, 0, 4, 21
"/home/qlt/zeno-wallet/src-tauri/src/rpc/multicall3.rs", "Rust", 0, 0, 0, 0, 0, 0, 0, 0, 0, 0, 95, 0, 0, 21, 21, 137
"/home/qlt/zeno-wallet/src-tauri/src/rpc/public.rs", "Rust", 0, 0, 0, 0, 0, 0, 0, 0, 0, 0, 171, 0, 0, 13, 35, 219
"/home/qlt/zeno-wallet/src-tauri/src/rpc/retry.rs", "Rust", 0, 0, 0, 0, 0, 0, 0, 0, 0, 0, 60, 0, 0, 9, 11, 80
"/home/qlt/zeno-wallet/src-tauri/src/utils/mod.rs", "Rust", 0, 0, 0, 0, 0, 0, 0, 0, 0, 0, 4, 0, 0, 0, 3, 7
"/home/qlt/zeno-wallet/src-tauri/src/utils/num.rs", "Rust", 0, 0, 0, 0, 0, 0, 0, 0, 0, 0, 67, 0, 0, 11, 24, 102
"/home/qlt/zeno-wallet/src-tauri/src/utils/ps.rs", "Rust", 0, 0, 0, 0, 0, 0, 0, 0, 0, 0, 209, 0, 0, 20, 26, 255
"/home/qlt/zeno-wallet/src-tauri/src/utils/serde.rs", "Rust", 0, 0, 0, 0, 0, 0, 0, 0, 0, 0, 111, 0, 0, 2, 14, 127
"/home/qlt/zeno-wallet/src-tauri/src/utils/time.rs", "Rust", 0, 0, 0, 0, 0, 0, 0, 0, 0, 0, 43, 0, 0, 9, 12, 64
"/home/qlt/zeno-wallet/src-tauri/src/voice/mod.rs", "Rust", 0, 0, 0, 0, 0, 0, 0, 0, 0, 0, 0, 0, 0, 0, 1, 1
"/home/qlt/zeno-wallet/src-tauri/src/voice/readme.md", "Markdown", 0, 30, 0, 0, 0, 0, 0, 0, 0, 0, 0, 0, 0, 0, 10, 40
"/home/qlt/zeno-wallet/src-tauri/src/voice/stt.rs", "Rust", 0, 0, 0, 0, 0, 0, 0, 0, 0, 0, 22, 0, 0, 2, 5, 29
"/home/qlt/zeno-wallet/src-tauri/src/voice/tts.rs", "Rust", 0, 0, 0, 0, 0, 0, 0, 0, 0, 0, 18, 0, 0, 4, 5, 27
"/home/qlt/zeno-wallet/src-tauri/tauri.conf.json", "JSON", 0, 0, 0, 0, 0, 39, 0, 0, 0, 0, 0, 0, 0, 0, 0, 39
"/home/qlt/zeno-wallet/src/App.svelte", "Svelte", 0, 0, 0, 0, 0, 0, 0, 0, 0, 94, 0, 0, 0, 0, 17, 111
"/home/qlt/zeno-wallet/src/app.pcss", "PostCSS", 0, 0, 0, 0, 0, 0, 0, 450, 0, 0, 0, 0, 0, 5, 89, 544
"/home/qlt/zeno-wallet/src/components/accountList.svelte", "Svelte", 0, 0, 0, 0, 0, 0, 0, 0, 0, 254, 0, 0, 0, 0, 22, 276
"/home/qlt/zeno-wallet/src/components/activityRemote.svelte", "Svelte", 0, 0, 0, 0, 0, 0, 0, 0, 0, 148, 0, 0, 0, 0, 13, 161
"/home/qlt/zeno-wallet/src/components/addAccount.svelte", "Svelte", 0, 0, 0, 0, 0, 0, 0, 0, 0, 118, 0, 0, 0, 0, 13, 131
"/home/qlt/zeno-wallet/src/components/autolock.svelte", "Svelte", 0, 0, 0, 0, 0, 0, 0, 0, 0, 292, 0, 0, 0, 0, 27, 319
"/home/qlt/zeno-wallet/src/components/chainSelector.svelte", "Svelte", 0, 0, 0, 0, 0, 0, 0, 0, 0, 109, 0, 0, 0, 0, 8, 117
"/home/qlt/zeno-wallet/src/components/changePassword.svelte", "Svelte", 0, 0, 0, 0, 0, 0, 0, 0, 0, 268, 0, 0, 0, 0, 18, 286
"/home/qlt/zeno-wallet/src/components/createAccount.svelte", "Svelte", 0, 0, 0, 0, 0, 0, 0, 0, 0, 392, 0, 0, 0, 0, 30, 422
"/home/qlt/zeno-wallet/src/components/currencySelector.svelte", "Svelte", 0, 0, 0, 0, 0, 0, 0, 0, 0, 83, 0, 0, 0, 0, 6, 89
"/home/qlt/zeno-wallet/src/components/deleteAccount.svelte", "Svelte", 0, 0, 0, 0, 0, 0, 0, 0, 0, 102, 0, 0, 0, 0, 9, 111
"/home/qlt/zeno-wallet/src/components/fileLoad.svelte", "Svelte", 0, 0, 0, 0, 0, 0, 0, 0, 0, 196, 0, 0, 0, 0, 24, 220
"/home/qlt/zeno-wallet/src/components/footer.svelte", "Svelte", 0, 0, 0, 0, 0, 0, 0, 0, 0, 68, 0, 0, 0, 0, 11, 79
"/home/qlt/zeno-wallet/src/components/header.svelte", "Svelte", 0, 0, 0, 0, 0, 0, 0, 0, 0, 303, 0, 0, 0, 0, 27, 330
"/home/qlt/zeno-wallet/src/components/importAccount.svelte", "Svelte", 0, 0, 0, 0, 0, 0, 0, 0, 0, 536, 0, 0, 0, 0, 38, 574
"/home/qlt/zeno-wallet/src/components/index.ts", "TypeScript", 0, 0, 0, 0, 0, 0, 0, 0, 28, 0, 0, 0, 0, 0, 5, 33
"/home/qlt/zeno-wallet/src/components/languageSelector.svelte", "Svelte", 0, 0, 0, 0, 0, 0, 0, 0, 0, 60, 0, 0, 0, 0, 9, 69
"/home/qlt/zeno-wallet/src/components/modal.svelte", "Svelte", 0, 0, 0, 0, 0, 0, 0, 0, 0, 268, 0, 0, 0, 0, 25, 293
"/home/qlt/zeno-wallet/src/components/navLeft.svelte", "Svelte", 0, 0, 0, 0, 0, 0, 0, 0, 0, 41, 0, 0, 0, 0, 9, 50
"/home/qlt/zeno-wallet/src/components/navPanel.svelte", "Svelte", 0, 0, 0, 0, 0, 0, 0, 0, 0, 539, 0, 0, 0, 0, 29, 568
"/home/qlt/zeno-wallet/src/components/nftBalace.svelte", "Svelte", 0, 0, 0, 0, 0, 0, 0, 0, 0, 159, 0, 0, 0, 0, 17, 176
"/home/qlt/zeno-wallet/src/components/nftDetail.svelte", "Svelte", 0, 0, 0, 0, 0, 0, 0, 0, 0, 67, 0, 0, 0, 0, 9, 76
"/home/qlt/zeno-wallet/src/components/priceChart.svelte", "Svelte", 0, 0, 0, 0, 0, 0, 0, 0, 0, 141, 0, 0, 0, 0, 20, 161
"/home/qlt/zeno-wallet/src/components/resetWallet.svelte", "Svelte", 0, 0, 0, 0, 0, 0, 0, 0, 0, 196, 0, 0, 0, 0, 14, 210
"/home/qlt/zeno-wallet/src/components/restoreMn.svelte", "Svelte", 0, 0, 0, 0, 0, 0, 0, 0, 0, 270, 0, 0, 0, 0, 18, 288
"/home/qlt/zeno-wallet/src/components/scanner.svelte", "Svelte", 0, 0, 0, 0, 0, 0, 0, 0, 0, 158, 0, 0, 0, 0, 20, 178
"/home/qlt/zeno-wallet/src/components/switchTheme.svelte", "Svelte", 0, 0, 0, 0, 0, 0, 0, 0, 0, 76, 0, 0, 0, 0, 14, 90
"/home/qlt/zeno-wallet/src/components/systemImgUi.svelte.ts", "TypeScript", 0, 0, 0, 0, 0, 0, 0, 0, 116, 0, 0, 0, 0, 2, 19, 137
"/home/qlt/zeno-wallet/src/components/toaster.svelte", "Svelte", 0, 0, 0, 0, 0, 0, 0, 0, 0, 26, 0, 0, 0, 0, 8, 34
"/home/qlt/zeno-wallet/src/components/tokenDetail.svelte", "Svelte", 0, 0, 0, 0, 0, 0, 0, 0, 0, 67, 0, 0, 0, 0, 9, 76
"/home/qlt/zeno-wallet/src/components/tokenSelector.svelte", "Svelte", 0, 0, 0, 0, 0, 0, 0, 0, 0, 155, 0, 0, 0, 0, 9, 164
"/home/qlt/zeno-wallet/src/components/tokenSetting.svelte", "Svelte", 0, 0, 0, 0, 0, 0, 0, 0, 0, 67, 0, 0, 0, 0, 9, 76
"/home/qlt/zeno-wallet/src/main.ts", "TypeScript", 0, 0, 0, 0, 0, 0, 0, 0, 6, 0, 0, 0, 0, 0, 1, 7
"/home/qlt/zeno-wallet/src/pages/QR.svelte", "Svelte", 0, 0, 0, 0, 0, 0, 0, 0, 0, 33, 0, 0, 0, 0, 9, 42
"/home/qlt/zeno-wallet/src/pages/Settings.svelte", "Svelte", 0, 0, 0, 0, 0, 0, 0, 0, 0, 50, 0, 0, 0, 0, 8, 58
"/home/qlt/zeno-wallet/src/pages/Sign.svelte", "Svelte", 0, 0, 0, 0, 0, 0, 0, 0, 0, 48, 0, 0, 0, 0, 8, 56
"/home/qlt/zeno-wallet/src/provider/ankr.ts", "TypeScript", 0, 0, 0, 0, 0, 0, 0, 0, 273, 0, 0, 0, 0, 17, 29, 319
"/home/qlt/zeno-wallet/src/provider/ankr_type.ts", "TypeScript", 0, 0, 0, 0, 0, 0, 0, 0, 544, 0, 0, 0, 0, 0, 2, 546
"/home/qlt/zeno-wallet/src/provider/drpc.ts", "TypeScript", 0, 0, 0, 0, 0, 0, 0, 0, 0, 0, 0, 0, 0, 0, 1, 1
"/home/qlt/zeno-wallet/src/runtime/account.ts", "TypeScript", 0, 0, 0, 0, 0, 0, 0, 0, 115, 0, 0, 0, 0, 0, 11, 126
"/home/qlt/zeno-wallet/src/runtime/airgap.ts", "TypeScript", 0, 0, 0, 0, 0, 0, 0, 0, 0, 0, 0, 0, 0, 0, 1, 1
"/home/qlt/zeno-wallet/src/runtime/balance.ts", "TypeScript", 0, 0, 0, 0, 0, 0, 0, 0, 43, 0, 0, 0, 0, 0, 7, 50
"/home/qlt/zeno-wallet/src/runtime/chains.ts", "TypeScript", 0, 0, 0, 0, 0, 0, 0, 0, 109, 0, 0, 0, 0, 1, 16, 126
"/home/qlt/zeno-wallet/src/runtime/constants.ts", "TypeScript", 0, 0, 0, 0, 0, 0, 0, 0, 8, 0, 0, 0, 0, 3, 6, 17
"/home/qlt/zeno-wallet/src/runtime/db.ts", "TypeScript", 0, 0, 0, 0, 0, 0, 0, 0, 62, 0, 0, 0, 0, 6, 17, 85
"/home/qlt/zeno-wallet/src/runtime/ens.ts", "TypeScript", 0, 0, 0, 0, 0, 0, 0, 0, 0, 0, 0, 0, 0, 0, 1, 1
"/home/qlt/zeno-wallet/src/runtime/error.ts", "TypeScript", 0, 0, 0, 0, 0, 0, 0, 0, 16, 0, 0, 0, 0, 0, 2, 18
"/home/qlt/zeno-wallet/src/runtime/fiat.ts", "TypeScript", 0, 0, 0, 0, 0, 0, 0, 0, 36, 0, 0, 0, 0, 2, 14, 52
"/home/qlt/zeno-wallet/src/runtime/i18n.ts", "TypeScript", 0, 0, 0, 0, 0, 0, 0, 0, 92, 0, 0, 0, 0, 8, 26, 126
"/home/qlt/zeno-wallet/src/runtime/index.ts", "TypeScript", 0, 0, 0, 0, 0, 0, 0, 0, 3, 0, 0, 0, 0, 0, 2, 5
"/home/qlt/zeno-wallet/src/runtime/mediaQuery.ts", "TypeScript", 0, 0, 0, 0, 0, 0, 0, 0, 2, 0, 0, 0, 0, 0, 0, 2
"/home/qlt/zeno-wallet/src/runtime/nfts.ts", "TypeScript", 0, 0, 0, 0, 0, 0, 0, 0, 0, 0, 0, 0, 0, 0, 1, 1
"/home/qlt/zeno-wallet/src/runtime/systemImg.ts", "TypeScript", 0, 0, 0, 0, 0, 0, 0, 0, 24, 0, 0, 0, 0, 8, 4, 36
"/home/qlt/zeno-wallet/src/runtime/types.ts", "TypeScript", 0, 0, 0, 0, 0, 0, 0, 0, 129, 0, 0, 0, 0, 1, 30, 160
"/home/qlt/zeno-wallet/src/states/darkMode.svelte.ts", "TypeScript", 0, 0, 0, 0, 0, 0, 0, 0, 60, 0, 0, 0, 0, 3, 17, 80
"/home/qlt/zeno-wallet/src/states/index.ts", "TypeScript", 0, 0, 0, 0, 0, 0, 0, 0, 5, 0, 0, 0, 0, 0, 6, 11
"/home/qlt/zeno-wallet/src/states/locale.svelte.ts", "TypeScript", 0, 0, 0, 0, 0, 0, 0, 0, 57, 0, 0, 0, 0, 0, 9, 66
"/home/qlt/zeno-wallet/src/states/router.svelte.ts", "TypeScript", 0, 0, 0, 0, 0, 0, 0, 0, 118, 0, 0, 0, 0, 38, 29, 185
"/home/qlt/zeno-wallet/src/states/settings.svelte.ts", "TypeScript", 0, 0, 0, 0, 0, 0, 0, 0, 45, 0, 0, 0, 0, 5, 7, 57
"/home/qlt/zeno-wallet/src/states/toastState.svelte.ts", "TypeScript", 0, 0, 0, 0, 0, 0, 0, 0, 40, 0, 0, 0, 0, 0, 10, 50
"/home/qlt/zeno-wallet/src/svg/account.svelte", "Svelte", 0, 0, 0, 0, 0, 0, 0, 0, 0, 4, 0, 0, 0, 0, 0, 4
"/home/qlt/zeno-wallet/src/svg/add-circle.svelte", "Svelte", 0, 0, 0, 0, 0, 0, 0, 0, 0, 8, 0, 0, 0, 0, 0, 8
"/home/qlt/zeno-wallet/src/svg/add.svelte", "Svelte", 0, 0, 0, 0, 0, 0, 0, 0, 0, 4, 0, 0, 0, 0, 0, 4
"/home/qlt/zeno-wallet/src/svg/adjust-filled.svelte", "Svelte", 0, 0, 0, 0, 0, 0, 0, 0, 0, 4, 0, 0, 0, 0, 0, 4
"/home/qlt/zeno-wallet/src/svg/adjust.svelte", "Svelte", 0, 0, 0, 0, 0, 0, 0, 0, 0, 4, 0, 0, 0, 0, 0, 4
"/home/qlt/zeno-wallet/src/svg/alert-box.svelte", "Svelte", 0, 0, 0, 0, 0, 0, 0, 0, 0, 4, 0, 0, 0, 0, 0, 4
"/home/qlt/zeno-wallet/src/svg/alert-circle.svelte", "Svelte", 0, 0, 0, 0, 0, 0, 0, 0, 0, 4, 0, 0, 0, 0, 0, 4
"/home/qlt/zeno-wallet/src/svg/alert-triangle.svelte", "Svelte", 0, 0, 0, 0, 0, 0, 0, 0, 0, 6, 0, 0, 0, 0, 0, 6
"/home/qlt/zeno-wallet/src/svg/apps-filled.svelte", "Svelte", 0, 0, 0, 0, 0, 0, 0, 0, 0, 4, 0, 0, 0, 0, 0, 4
"/home/qlt/zeno-wallet/src/svg/apps.svelte", "Svelte", 0, 0, 0, 0, 0, 0, 0, 0, 0, 4, 0, 0, 0, 0, 0, 4
"/home/qlt/zeno-wallet/src/svg/arrow-back.svelte", "Svelte", 0, 0, 0, 0, 0, 0, 0, 0, 0, 4, 0, 0, 0, 0, 0, 4
"/home/qlt/zeno-wallet/src/svg/arrow-down-circle.svelte", "Svelte", 0, 0, 0, 0, 0, 0, 0, 0, 0, 8, 0, 0, 0, 0, 0, 8
"/home/qlt/zeno-wallet/src/svg/arrow-down-filled.svelte", "Svelte", 0, 0, 0, 0, 0, 0, 0, 0, 0, 6, 0, 0, 0, 0, 0, 6
"/home/qlt/zeno-wallet/src/svg/arrow-down.svelte", "Svelte", 0, 0, 0, 0, 0, 0, 0, 0, 0, 4, 0, 0, 0, 0, 0, 4
"/home/qlt/zeno-wallet/src/svg/arrow-forward.svelte", "Svelte", 0, 0, 0, 0, 0, 0, 0, 0, 0, 4, 0, 0, 0, 0, 0, 4
"/home/qlt/zeno-wallet/src/svg/arrow-up-down.svelte", "Svelte", 0, 0, 0, 0, 0, 0, 0, 0, 0, 6, 0, 0, 0, 0, 1, 7
"/home/qlt/zeno-wallet/src/svg/book.svelte", "Svelte", 0, 0, 0, 0, 0, 0, 0, 0, 0, 4, 0, 0, 0, 0, 0, 4
"/home/qlt/zeno-wallet/src/svg/bridge.svelte", "Svelte", 0, 0, 0, 0, 0, 0, 0, 0, 0, 4, 0, 0, 0, 0, 0, 4
"/home/qlt/zeno-wallet/src/svg/camera.svelte", "Svelte", 0, 0, 0, 0, 0, 0, 0, 0, 0, 4, 0, 0, 0, 0, 0, 4
"/home/qlt/zeno-wallet/src/svg/chart.svelte", "Svelte", 0, 0, 0, 0, 0, 0, 0, 0, 0, 4, 0, 0, 0, 0, 0, 4
"/home/qlt/zeno-wallet/src/svg/check.svelte", "Svelte", 0, 0, 0, 0, 0, 0, 0, 0, 0, 4, 0, 0, 0, 0, 0, 4
"/home/qlt/zeno-wallet/src/svg/chevrons-right.svelte", "Svelte", 0, 0, 0, 0, 0, 0, 0, 0, 0, 44, 0, 0, 0, 0, 5, 49
"/home/qlt/zeno-wallet/src/svg/clock.svelte", "Svelte", 0, 0, 0, 0, 0, 0, 0, 0, 0, 4, 0, 0, 0, 0, 2, 6
"/home/qlt/zeno-wallet/src/svg/close.svelte", "Svelte", 0, 0, 0, 0, 0, 0, 0, 0, 0, 6, 0, 0, 0, 0, 0, 6
"/home/qlt/zeno-wallet/src/svg/cloud-down.svelte", "Svelte", 0, 0, 0, 0, 0, 0, 0, 0, 0, 4, 0, 0, 0, 0, 0, 4
"/home/qlt/zeno-wallet/src/svg/cloud-up.svelte", "Svelte", 0, 0, 0, 0, 0, 0, 0, 0, 0, 4, 0, 0, 0, 0, 0, 4
"/home/qlt/zeno-wallet/src/svg/cloud.svelte", "Svelte", 0, 0, 0, 0, 0, 0, 0, 0, 0, 4, 0, 0, 0, 0, 0, 4
"/home/qlt/zeno-wallet/src/svg/contract.svelte", "Svelte", 0, 0, 0, 0, 0, 0, 0, 0, 0, 6, 0, 0, 0, 0, 1, 7
"/home/qlt/zeno-wallet/src/svg/copied.svelte", "Svelte", 0, 0, 0, 0, 0, 0, 0, 0, 0, 4, 0, 0, 0, 0, 0, 4
"/home/qlt/zeno-wallet/src/svg/copy.svelte", "Svelte", 0, 0, 0, 0, 0, 0, 0, 0, 0, 4, 0, 0, 0, 0, 0, 4
"/home/qlt/zeno-wallet/src/svg/currency.svelte", "Svelte", 0, 0, 0, 0, 0, 0, 0, 0, 0, 4, 0, 0, 0, 0, 0, 4
"/home/qlt/zeno-wallet/src/svg/darkmode.svelte", "Svelte", 0, 0, 0, 0, 0, 0, 0, 0, 0, 4, 0, 0, 0, 0, 0, 4
"/home/qlt/zeno-wallet/src/svg/delete.svelte", "Svelte", 0, 0, 0, 0, 0, 0, 0, 0, 0, 4, 0, 0, 0, 0, 0, 4
"/home/qlt/zeno-wallet/src/svg/discord.svelte", "Svelte", 0, 0, 0, 0, 0, 0, 0, 0, 0, 14, 0, 0, 0, 0, 2, 16
"/home/qlt/zeno-wallet/src/svg/discover-filled.svelte", "Svelte", 0, 0, 0, 0, 0, 0, 0, 0, 0, 4, 0, 0, 0, 0, 1, 5
"/home/qlt/zeno-wallet/src/svg/discover.svelte", "Svelte", 0, 0, 0, 0, 0, 0, 0, 0, 0, 4, 0, 0, 0, 0, 0, 4
"/home/qlt/zeno-wallet/src/svg/dollar.svelte", "Svelte", 0, 0, 0, 0, 0, 0, 0, 0, 0, 4, 0, 0, 0, 0, 0, 4
"/home/qlt/zeno-wallet/src/svg/down.svelte", "Svelte", 0, 0, 0, 0, 0, 0, 0, 0, 0, 4, 0, 0, 0, 0, 0, 4
"/home/qlt/zeno-wallet/src/svg/download.svelte", "Svelte", 0, 0, 0, 0, 0, 0, 0, 0, 0, 4, 0, 0, 0, 0, 0, 4
"/home/qlt/zeno-wallet/src/svg/edit-filled.svelte", "Svelte", 0, 0, 0, 0, 0, 0, 0, 0, 0, 4, 0, 0, 0, 0, 1, 5
"/home/qlt/zeno-wallet/src/svg/edit.svelte", "Svelte", 0, 0, 0, 0, 0, 0, 0, 0, 0, 4, 0, 0, 0, 0, 0, 4
"/home/qlt/zeno-wallet/src/svg/explorer-filled.svelte", "Svelte", 0, 0, 0, 0, 0, 0, 0, 0, 0, 4, 0, 0, 0, 0, 0, 4
"/home/qlt/zeno-wallet/src/svg/explorer.svelte", "Svelte", 0, 0, 0, 0, 0, 0, 0, 0, 0, 4, 0, 0, 0, 0, 0, 4
"/home/qlt/zeno-wallet/src/svg/eye-off.svelte", "Svelte", 0, 0, 0, 0, 0, 0, 0, 0, 0, 4, 0, 0, 0, 0, 1, 5
"/home/qlt/zeno-wallet/src/svg/eye.svelte", "Svelte", 0, 0, 0, 0, 0, 0, 0, 0, 0, 4, 0, 0, 0, 0, 0, 4
"/home/qlt/zeno-wallet/src/svg/faceid.svelte", "Svelte", 0, 0, 0, 0, 0, 0, 0, 0, 0, 6, 0, 0, 0, 0, 0, 6
"/home/qlt/zeno-wallet/src/svg/gas.svelte", "Svelte", 0, 0, 0, 0, 0, 0, 0, 0, 0, 6, 0, 0, 0, 0, 0, 6
"/home/qlt/zeno-wallet/src/svg/github.svelte", "Svelte", 0, 0, 0, 0, 0, 0, 0, 0, 0, 14, 0, 0, 0, 0, 0, 14
"/home/qlt/zeno-wallet/src/svg/heart-filled.svelte", "Svelte", 0, 0, 0, 0, 0, 0, 0, 0, 0, 4, 0, 0, 0, 0, 0, 4
"/home/qlt/zeno-wallet/src/svg/heart.svelte", "Svelte", 0, 0, 0, 0, 0, 0, 0, 0, 0, 4, 0, 0, 0, 0, 0, 4
"/home/qlt/zeno-wallet/src/svg/help-filled.svelte", "Svelte", 0, 0, 0, 0, 0, 0, 0, 0, 0, 6, 0, 0, 0, 0, 0, 6
"/home/qlt/zeno-wallet/src/svg/help.svelte", "Svelte", 0, 0, 0, 0, 0, 0, 0, 0, 0, 4, 0, 0, 0, 0, 0, 4
"/home/qlt/zeno-wallet/src/svg/home.svelte", "Svelte", 0, 0, 0, 0, 0, 0, 0, 0, 0, 4, 0, 0, 0, 0, 0, 4
"/home/qlt/zeno-wallet/src/svg/index.ts", "TypeScript", 0, 0, 0, 0, 0, 0, 0, 0, 87, 0, 0, 0, 0, 0, 1, 88
"/home/qlt/zeno-wallet/src/svg/lang.svelte", "Svelte", 0, 0, 0, 0, 0, 0, 0, 0, 0, 4, 0, 0, 0, 0, 0, 4
"/home/qlt/zeno-wallet/src/svg/loading.svelte", "Svelte", 0, 0, 0, 0, 0, 0, 0, 0, 0, 4, 0, 0, 0, 0, 0, 4
"/home/qlt/zeno-wallet/src/svg/locked.svelte", "Svelte", 0, 0, 0, 0, 0, 0, 0, 0, 0, 6, 0, 0, 0, 0, 0, 6
"/home/qlt/zeno-wallet/src/svg/medium.svelte", "Svelte", 0, 0, 0, 0, 0, 0, 0, 0, 0, 15, 0, 0, 0, 0, 0, 15
"/home/qlt/zeno-wallet/src/svg/more-horiz.svelte", "Svelte", 0, 0, 0, 0, 0, 0, 0, 0, 0, 3, 0, 0, 0, 0, 1, 4
"/home/qlt/zeno-wallet/src/svg/more-vert.svelte", "Svelte", 0, 0, 0, 0, 0, 0, 0, 0, 0, 4, 0, 0, 0, 0, 0, 4
"/home/qlt/zeno-wallet/src/svg/nft-filled.svelte", "Svelte", 0, 0, 0, 0, 0, 0, 0, 0, 0, 11, 0, 0, 0, 0, 0, 11
"/home/qlt/zeno-wallet/src/svg/nft.svelte", "Svelte", 0, 0, 0, 0, 0, 0, 0, 0, 0, 4, 0, 0, 0, 0, 0, 4
"/home/qlt/zeno-wallet/src/svg/paste.svelte", "Svelte", 0, 0, 0, 0, 0, 0, 0, 0, 0, 7, 0, 0, 0, 0, 0, 7
"/home/qlt/zeno-wallet/src/svg/pin.svelte", "Svelte", 0, 0, 0, 0, 0, 0, 0, 0, 0, 4, 0, 0, 0, 0, 1, 5
"/home/qlt/zeno-wallet/src/svg/plug-filled.svelte", "Svelte", 0, 0, 0, 0, 0, 0, 0, 0, 0, 4, 0, 0, 0, 0, 0, 4
"/home/qlt/zeno-wallet/src/svg/qrcode.svelte", "Svelte", 0, 0, 0, 0, 0, 0, 0, 0, 0, 4, 0, 0, 0, 0, 0, 4
"/home/qlt/zeno-wallet/src/svg/question.svelte", "Svelte", 0, 0, 0, 0, 0, 0, 0, 0, 0, 4, 0, 0, 0, 0, 0, 4
"/home/qlt/zeno-wallet/src/svg/receive.svelte", "Svelte", 0, 0, 0, 0, 0, 0, 0, 0, 0, 4, 0, 0, 0, 0, 1, 5
"/home/qlt/zeno-wallet/src/svg/refresh.svelte", "Svelte", 0, 0, 0, 0, 0, 0, 0, 0, 0, 4, 0, 0, 0, 0, 0, 4
"/home/qlt/zeno-wallet/src/svg/safeGuard.svelte", "Svelte", 0, 0, 0, 0, 0, 0, 0, 0, 0, 4, 0, 0, 0, 0, 0, 4
"/home/qlt/zeno-wallet/src/svg/save.svelte", "Svelte", 0, 0, 0, 0, 0, 0, 0, 0, 0, 4, 0, 0, 0, 0, 0, 4
"/home/qlt/zeno-wallet/src/svg/scan-focus.svelte", "Svelte", 0, 0, 0, 0, 0, 0, 0, 0, 0, 11, 0, 0, 0, 0, 0, 11
"/home/qlt/zeno-wallet/src/svg/scan.svelte", "Svelte", 0, 0, 0, 0, 0, 0, 0, 0, 0, 4, 0, 0, 0, 0, 0, 4
"/home/qlt/zeno-wallet/src/svg/search.svelte", "Svelte", 0, 0, 0, 0, 0, 0, 0, 0, 0, 4, 0, 0, 0, 0, 0, 4
"/home/qlt/zeno-wallet/src/svg/send-filled.svelte", "Svelte", 0, 0, 0, 0, 0, 0, 0, 0, 0, 6, 0, 0, 0, 0, 0, 6
"/home/qlt/zeno-wallet/src/svg/setting-filled.svelte", "Svelte", 0, 0, 0, 0, 0, 0, 0, 0, 0, 4, 0, 0, 0, 0, 0, 4
"/home/qlt/zeno-wallet/src/svg/setting.svelte", "Svelte", 0, 0, 0, 0, 0, 0, 0, 0, 0, 18, 0, 0, 0, 0, 1, 19
"/home/qlt/zeno-wallet/src/svg/setting2.svelte", "Svelte", 0, 0, 0, 0, 0, 0, 0, 0, 0, 4, 0, 0, 0, 0, 0, 4
"/home/qlt/zeno-wallet/src/svg/share.svelte", "Svelte", 0, 0, 0, 0, 0, 0, 0, 0, 0, 6, 0, 0, 0, 0, 0, 6
"/home/qlt/zeno-wallet/src/svg/spinner.svelte", "Svelte", 0, 0, 0, 0, 0, 0, 0, 0, 0, 4, 0, 0, 0, 0, 0, 4
"/home/qlt/zeno-wallet/src/svg/staking.svelte", "Svelte", 0, 0, 0, 0, 0, 0, 0, 0, 0, 4, 0, 0, 0, 0, 0, 4
"/home/qlt/zeno-wallet/src/svg/star.svelte", "Svelte", 0, 0, 0, 0, 0, 0, 0, 0, 0, 6, 0, 0, 0, 0, 2, 8
"/home/qlt/zeno-wallet/src/svg/swap-action.svelte", "Svelte", 0, 0, 0, 0, 0, 0, 0, 0, 0, 4, 0, 0, 0, 0, 0, 4
"/home/qlt/zeno-wallet/src/svg/switch.svelte", "Svelte", 0, 0, 0, 0, 0, 0, 0, 0, 0, 70, 0, 0, 0, 0, 11, 81
"/home/qlt/zeno-wallet/src/svg/telegram.svelte", "Svelte", 0, 0, 0, 0, 0, 0, 0, 0, 0, 16, 0, 0, 0, 0, 2, 18
"/home/qlt/zeno-wallet/src/svg/terms.svelte", "Svelte", 0, 0, 0, 0, 0, 0, 0, 0, 0, 4, 0, 0, 0, 0, 0, 4
"/home/qlt/zeno-wallet/src/svg/trash.svelte", "Svelte", 0, 0, 0, 0, 0, 0, 0, 0, 0, 6, 0, 0, 0, 0, 0, 6
"/home/qlt/zeno-wallet/src/svg/up-down.svelte", "Svelte", 0, 0, 0, 0, 0, 0, 0, 0, 0, 4, 0, 0, 0, 0, 0, 4
"/home/qlt/zeno-wallet/src/svg/up.svelte", "Svelte", 0, 0, 0, 0, 0, 0, 0, 0, 0, 4, 0, 0, 0, 0, 0, 4
"/home/qlt/zeno-wallet/src/svg/verified-filled.svelte", "Svelte", 0, 0, 0, 0, 0, 0, 0, 0, 0, 4, 0, 0, 0, 0, 0, 4
"/home/qlt/zeno-wallet/src/svg/verified.svelte", "Svelte", 0, 0, 0, 0, 0, 0, 0, 0, 0, 4, 0, 0, 0, 0, 0, 4
"/home/qlt/zeno-wallet/src/svg/x.svelte", "Svelte", 0, 0, 0, 0, 0, 0, 0, 0, 0, 16, 0, 0, 0, 0, 0, 16
"/home/qlt/zeno-wallet/src/utils/bn.ts", "TypeScript", 0, 0, 0, 0, 0, 0, 0, 0, 18, 0, 0, 0, 0, 5, 1, 24
"/home/qlt/zeno-wallet/src/utils/clickOutside.ts", "TypeScript", 0, 0, 0, 0, 0, 0, 0, 0, 13, 0, 0, 0, 0, 0, 5, 18
"/home/qlt/zeno-wallet/src/utils/copypaste.ts", "TypeScript", 0, 0, 0, 0, 0, 0, 0, 0, 38, 0, 0, 0, 0, 0, 11, 49
"/home/qlt/zeno-wallet/src/utils/dom.ts", "TypeScript", 0, 0, 0, 0, 0, 0, 0, 0, 285, 0, 0, 0, 0, 61, 21, 367
"/home/qlt/zeno-wallet/src/utils/formatter.ts", "TypeScript", 0, 0, 0, 0, 0, 0, 0, 0, 146, 0, 0, 0, 0, 6, 30, 182
"/home/qlt/zeno-wallet/src/utils/index.ts", "TypeScript", 0, 0, 0, 0, 0, 0, 0, 0, 3, 0, 0, 0, 0, 0, 4, 7
"/home/qlt/zeno-wallet/src/utils/qrSvg.ts", "TypeScript", 0, 0, 0, 0, 0, 0, 0, 0, 201, 0, 0, 0, 0, 23, 39, 263
"/home/qlt/zeno-wallet/static/ai-chat.html", "HTML", 85, 0, 0, 0, 0, 0, 0, 0, 0, 0, 0, 0, 0, 0, 17, 102
"/home/qlt/zeno-wallet/static/dapp-shell.html", "HTML", 451, 0, 0, 0, 0, 0, 0, 0, 0, 0, 0, 0, 0, 4, 72, 527
"/home/qlt/zeno-wallet/static/draft.svg", "XML", 0, 0, 0, 0, 0, 0, 47, 0, 0, 0, 0, 0, 0, 0, 0, 47
"/home/qlt/zeno-wallet/static/favicon-r.svg", "XML", 0, 0, 0, 0, 0, 0, 26, 0, 0, 0, 0, 0, 0, 0, 0, 26
"/home/qlt/zeno-wallet/static/favicon.svg", "XML", 0, 0, 0, 0, 0, 0, 26, 0, 0, 0, 0, 0, 0, 0, 0, 26
"/home/qlt/zeno-wallet/static/favicon_old.svg", "XML", 0, 0, 0, 0, 0, 0, 5, 0, 0, 0, 0, 0, 0, 0, 0, 5
"/home/qlt/zeno-wallet/static/fiat/CNY.svg", "XML", 0, 0, 0, 0, 0, 0, 13, 0, 0, 0, 0, 0, 0, 0, 1, 14
"/home/qlt/zeno-wallet/static/fiat/EUR.svg", "XML", 0, 0, 0, 0, 0, 0, 161, 0, 0, 0, 0, 0, 0, 0, 1, 162
"/home/qlt/zeno-wallet/static/fiat/GBP.svg", "XML", 0, 0, 0, 0, 0, 0, 23, 0, 0, 0, 0, 0, 0, 0, 1, 24
"/home/qlt/zeno-wallet/static/fiat/JPY.svg", "XML", 0, 0, 0, 0, 0, 0, 9, 0, 0, 0, 0, 0, 0, 0, 1, 10
"/home/qlt/zeno-wallet/static/fiat/KRW.svg", "XML", 0, 0, 0, 0, 0, 0, 12, 0, 0, 0, 0, 0, 0, 0, 1, 13
"/home/qlt/zeno-wallet/static/fiat/RUB.svg", "XML", 0, 0, 0, 0, 0, 0, 12, 0, 0, 0, 0, 0, 0, 0, 1, 13
"/home/qlt/zeno-wallet/static/fiat/USD.svg", "XML", 0, 0, 0, 0, 0, 0, 15, 0, 0, 0, 0, 0, 0, 0, 1, 16
"/home/qlt/zeno-wallet/static/locales/en.json", "JSON", 0, 0, 0, 0, 0, 7, 0, 0, 0, 0, 0, 0, 0, 0, 0, 7
"/home/qlt/zeno-wallet/static/locales/zh.json", "JSON", 0, 0, 0, 0, 0, 7, 0, 0, 0, 0, 0, 0, 0, 0, 0, 7
"/home/qlt/zeno-wallet/static/nft/nft-placeholder.svg", "XML", 0, 0, 0, 0, 0, 0, 16, 0, 0, 0, 0, 0, 0, 0, 0, 16
"/home/qlt/zeno-wallet/static/payload.js", "JavaScript", 0, 0, 0, 0, 31, 0, 0, 0, 0, 0, 0, 0, 0, 13, 11, 55
"/home/qlt/zeno-wallet/static/svelte.svg", "XML", 0, 0, 0, 0, 0, 0, 1, 0, 0, 0, 0, 0, 0, 0, 0, 1
"/home/qlt/zeno-wallet/static/tauri.svg", "XML", 0, 0, 0, 0, 0, 0, 6, 0, 0, 0, 0, 0, 0, 0, 1, 7
"/home/qlt/zeno-wallet/static/terms/zh-CN.md", "Markdown", 0, 0, 0, 0, 0, 0, 0, 0, 0, 0, 0, 0, 0, 0, 1, 1
"/home/qlt/zeno-wallet/static/token/ARB.svg", "XML", 0, 0, 0, 0, 0, 0, 38, 0, 0, 0, 0, 0, 0, 0, 1, 39
"/home/qlt/zeno-wallet/static/token/BNB.svg", "XML", 0, 0, 0, 0, 0, 0, 19, 0, 0, 0, 0, 0, 0, 1, 1, 21
"/home/qlt/zeno-wallet/static/token/BTC.svg", "XML", 0, 0, 0, 0, 0, 0, 14, 0, 0, 0, 0, 0, 0, 1, 1, 16
"/home/qlt/zeno-wallet/static/token/BUSD.svg", "XML", 0, 0, 0, 0, 0, 0, 1, 0, 0, 0, 0, 0, 0, 0, 0, 1
"/home/qlt/zeno-wallet/static/token/DAI.svg", "XML", 0, 0, 0, 0, 0, 0, 12, 0, 0, 0, 0, 0, 0, 1, 1, 14
"/home/qlt/zeno-wallet/static/token/ETH.svg", "XML", 0, 0, 0, 0, 0, 0, 8, 0, 0, 0, 0, 0, 0, 0, 1, 9
"/home/qlt/zeno-wallet/static/token/OP.svg", "XML", 0, 0, 0, 0, 0, 0, 20, 0, 0, 0, 0, 0, 0, 1, 1, 22
"/home/qlt/zeno-wallet/static/token/POL.svg", "XML", 0, 0, 0, 0, 0, 0, 9, 0, 0, 0, 0, 0, 0, 1, 1, 11
"/home/qlt/zeno-wallet/static/token/USDC.svg", "XML", 0, 0, 0, 0, 0, 0, 5, 0, 0, 0, 0, 0, 0, 0, 1, 6
"/home/qlt/zeno-wallet/static/token/USDT.svg", "XML", 0, 0, 0, 0, 0, 0, 1, 0, 0, 0, 0, 0, 0, 0, 0, 1
"/home/qlt/zeno-wallet/static/token/WBTC.svg", "XML", 0, 0, 0, 0, 0, 0, 1, 0, 0, 0, 0, 0, 0, 0, 0, 1
"/home/qlt/zeno-wallet/static/token/WETH.svg", "XML", 0, 0, 0, 0, 0, 0, 17, 0, 0, 0, 0, 0, 0, 0, 1, 18
"/home/qlt/zeno-wallet/static/vite.svg", "XML", 0, 0, 0, 0, 0, 0, 1, 0, 0, 0, 0, 0, 0, 0, 0, 1
"/home/qlt/zeno-wallet/svelte.config.js", "JavaScript", 0, 0, 0, 0, 4, 0, 0, 0, 0, 0, 0, 0, 0, 0, 2, 6
"/home/qlt/zeno-wallet/tsconfig.json", "JSON with Comments", 0, 0, 0, 25, 0, 0, 0, 0, 0, 0, 0, 0, 0, 0, 0, 25
"/home/qlt/zeno-wallet/tsconfig.node.json", "JSON", 0, 0, 0, 0, 0, 10, 0, 0, 0, 0, 0, 0, 0, 0, 0, 10
"/home/qlt/zeno-wallet/vite.config.js", "JavaScript", 0, 0, 0, 0, 19, 0, 0, 0, 0, 0, 0, 0, 0, 1, 1, 21
"Total", "-", 548, 270, 1010, 25, 102, 150, 530, 450, 2722, 5973, 7131, 11241, 115, 1197, 3858, 35322